{
    "content": [
        {
            "home": [
                {
                    "pcImg": "/assets/images/desktop/front-whatwedo-link.png",
                    "mobileImg": "/assets/images/mobile/mobil-whatwedo.png",
                    "altText":  "What We Do",
                    "linkRef": "/whatwedo",
                    "uniqueID": "whatwedo"

                },
                {
                    "pcImg": "/assets/images/desktop/front-maintainable-link.png",
                    "mobileImg": "/assets/images/mobile/mobil-maintainable.png",
                    "altText":  "MaintainAble",
                    "linkRef": "/maintainable",
                    "uniqueID": "maintainable"

                },
                {
                    "pcImg": "/assets/images/desktop/front-getintouch-link.png",
                    "mobileImg": "/assets/images/mobile/mobil-getintouch.png",
                    "altText":  "Get In Touch",
                    "linkRef": "/getintouch",
                    "uniqueID": "getintouch"
                }
            ]

        },
       {
            "title": "What We Do",
            "headings": ["Design is the ","matter of choise" ],
            "paragraphs": ["But I must explain to you how all this mistaken idea of denouncing pleasure and praising pain was born and I will give you a complete account of the system, and expound the actual teachings of the great explorer of the truth, the master-builder of human happiness. No one rejects, dislikes, or avoids pleasure itself, because it is pleasure, but because those who do not know how to pursue pleasure rationally encounter consequences that are extremely painful.", 
            "\n\nNor again is there anyone who loves or pursues or desires to obtain pain of itself, because it is pain, but because occasionally circumstances occur in which toil and pain can procure him some great pleasure. To take a trivial example, which of us ever undertakes laborious physical exercise, except to obtain some advantage from it? But who has any right to find fault with a man who chooses to enjoy a pleasure that has no annoying consequences, or one who avoids a pain that produces no resultant pleasure?"]
        },
        {
            "title": "MaintainAble",
            "headings": ["Keeping your all ","upto date"],
            "paragraphs": ["But I must explain to you how all this mistaken idea of denouncing pleasure and praising pain was born and I will give you a complete account of the system, and expound the actual teachings of the great explorer of the truth, the master-builder of human happiness. No one rejects, dislikes, or avoids pleasure itself, because it is pleasure, but because those who do not know how to pursue pleasure rationally encounter consequences that are extremely painful.", 
            "\n\nNor again is there anyone who loves or pursues or desires to obtain pain of itself, because it is pain, but because occasionally circumstances occur in which toil and pain can procure him some great pleasure. To take a trivial example, which of us ever undertakes laborious physical exercise, except to obtain some advantage from it? But who has any right to find fault with a man who chooses to enjoy a pleasure that has no annoying consequences, or one who avoids a pain that produces no resultant pleasure?"]
        },
        {
            "title": "GetInTouch",
            "headings": ["There for you and ","care for you"],
            "paragraphs": ["But I must explain to you how all this mistaken idea of denouncing pleasure and praising pain was born and I will give you a complete account of the system, and expound the actual teachings of the great explorer of the truth, the master-builder of human happiness.", 
            "\n\nNor again is there anyone who loves or pursues or desires to obtain pain of itself, because it is pain, but because occasionally circumstances occur in which toil and pain can procure him some great pleasure."],
            "employeeNames": ["Lonnie", "Pernille", "Morten"],
            "employeeImages": [
                {
                    "img": "/assets/images/desktop/whatwedo-small.png",
                    "altText":  "Get in touch with Employee 1",
                    "figCaption": "lt@coolish.com",
                    "uniqueID": "Employee1",
                    "colClassNames": "px-0 me-3 me-md-2",
                    "colOffset": 3
                },
                {
                    "img": "/assets/images/desktop/maintainable-small.png",
                    "altText":  "Get in touch with Employee 2",
                    "figCaption": "pr@coolish.com",
                    "uniqueID": "Employee2",
                    "colClassNames": "px-0 me-3 me-md-2",
                    "colOffset": 0
                },
                {
                    "img": "/assets/images/desktop/getintouch-small.png",
                    "altText":  "Get in touch with Employee 3",
                    "figCaption": "mn@coolish.com",
                    "uniqueID": "Employee3",
                    "colClassNames": "px-0",
                    "colOffset": 0
                }
            ]
        }
    ]
}